id,name,"last name"
5843339280523,Bill,Pallant
5843339346059,Lonni,Baldery
5843339378827,Becki,Alentyev
5843339411595,Elbertina,Suffield
5843339477131,Hildegarde,Stanlake
5843339509899,Shurwood,Rait
5843339542667,Anallise,Cuttles
5843339608203,Pearline,Jopp
5843339640971,Queenie,Baus
5843339673739,Charlton,Sarrell
5843339739275,Millard,McReidy
5843339772043,Cullin,Szymon
5843339804811,Doralynne,Hauck
5843339837579,Celestine,Dimitriou
5843339870347,Jeniffer,Andrioli
5843339903115,Stan,Fabb
5843339968651,Sandro,Mealham
5843340001419,Alva,Claridge
5843340034187,Merrel,Paterson
5843340066955,Rab,Dunthorne
5843340099723,Niels,Slemmonds
5843340132491,Effie,Dyson
5843340165259,Aldin,Bergstrand
5843340198027,Dominic,Theunissen
5843340230795,Joannes,Scamadin
5843340263563,Josy,Wileman
5843340329099,Kilian,Ciccarelli
5843340361867,Laurent,Hugenin
5843340427403,Alleyn,Schoroder
5843340460171,Pris,Stockman
5843340492939,Stillmann,Gillaspy
5843340525707,Cass,Kleinhausen
5843340558475,Marion,Hordell
5843340591243,Alanna,Gravener
5843340624011,Oberon,Mostyn
5843340656779,Annadiana,Colmer
5843340689547,Nannie,Zienkiewicz
5843340722315,Haily,Gebbe
5843340755083,Kenton,Hemshall
5843340787851,Ingeborg,McCuis
5843340820619,Sampson,Duckham
5843340853387,Carolyn,Laddle
5843340886155,Beret,Rawlings
5843340918923,Heddi,Maureen
5843340951691,Merrielle,Tattershall
5843340984459,Haleigh,Janatka
5843341017227,Carleton,Kybbye
5843341049995,Emmalynne,Rodell
5843341082763,Worthington,Smythe
5843341148299,Ellene,Bage
